{"AUC": 0.9503988197233528, "confusion_matrix": {"_type": "image-file", "sha256": "82d1467b75acc872fe2dfb9919909442f19c6f705c2b798844276ad475647440", "size": 93350, "path": "media/images/confusion_matrix_0_82d1467b75acc872fe2d.png", "format": "png", "width": 1000, "height": 1000}, "_timestamp": 1752561363.0978239, "_runtime": 5.063962936401367, "_step": 0, "_wandb": {"runtime": 4}}