{"AUC": 0.9451757097315028, "confusion_matrix": {"_type": "image-file", "sha256": "b2e18d8e56655e1f7e982d43793b5fc8f51b9bbdb7923bdae00c82c445db8657", "size": 88983, "path": "media/images/confusion_matrix_0_b2e18d8e56655e1f7e98.png", "format": "png", "width": 1000, "height": 1000}, "_timestamp": 1752463628.1011918, "_runtime": 4.857489824295044, "_step": 0, "_wandb": {"runtime": 4}}